45032558,50,g
45186505,85,g
45230254,85,g
45035590,85,g
45021596,40,g
45023949,140,g
45363722,148,g
45009115,123,g
45005747,113,g
45286899,222,ml
45084768,21,g
45203303,85,g
45226591,138,g
45264282,138,g
45264284,138,g
45268728,20,g
45023141,115,g
45025665,85,g
45062583,113,g
45198354,166,g
45005803,158,g
45273478,170,g
45274979,148,g
45184866,148,g
45032554,50,g
45044167,85,g
45359850,142,g
45033738,28,g
45195736,85,g
45283403,85,g
45182462,182,g
45335798,154,g
45366409,154,g
45181927,154,g
45189051,154,g
45233756,13,g
45267494,128,g
45230275,148,g
45225336,85,g
45225265,85,g
45016313,32,g
45317669,240,ml
45212700,134,g
45012441,40,g
45005182,140,g
45287989,135,g
45182157,111,g
45186581,95,g
45267816,155,g
45372883,98,g
45283648,56,g
45012377,40,g
45108893,85,g
45118159,85,g
45126494,30,g
45180879,1.2,g
45196156,60,g
45203040,85,g
45210123,140,g
45210766,140,g
45212448,50,g
45212537,14,g
45226644,85,g
45231763,140,g
45231769,140,g
45235438,80,g
45272415,85,g
45277075,85,g
45291976,140,g
45344337,83,g
45363472,100,g
45002952,90.72,g
45005107,150,g
45009855,112,g
45019188,71,g
45019194,70,g
45029133,55,g
45035836,112,g
45036551,56,g
45038127,236,g
45038632,112,g
45044020,113,g
45045342,112,g
45051981,112,g
45053482,113,g
45058865,112,g
45058871,112,g
45058898,112,g
45058907,112,g
45092824,112,g
45126334,112,g
45139871,112,g
45139919,112,g
45180969,112,g
45181070,112,g
45181712,113,g
45182083,113,g
45182206,140,g
45182818,112,g
45183165,112,g
45183394,113,g
45184620,113,g
45184784,112,g
45185839,112,g
45185840,112,g
45186943,112,g
45186949,112,g
45200896,168,g
45201668,57,g
45202908,140,g
45211269,84,g
45212398,112,g
45226866,112,g
45229588,56,g
45257965,298,g
45274291,85,g
45281339,113,g
45290295,112,g
45346631,112,g
45353041,140,g
45366276,112,g
45366449,112,g
45366755,112,g
45367816,112,g
45373476,85,g
45001592,28,g
45001593,28,g
45001594,28,g
45002135,225,g
45002208,150,g
45002246,120,ml
45002271,150,g
45002877,28,g
45005340,150,g
45005341,150,g
45005513,28,g
45005571,100,g
45005595,113,g
45005613,58,g
45005639,113,g
45008567,170,g
45008568,170,g
45008569,170,g
45008570,170,g
45008571,113,g
45008572,227,g
45012212,12,g
45015501,150,g
45015502,150,g
45016975,56,g
45024500,28,g
45024711,30,g
45030273,28,g
45032942,46,g
45037998,56,g
45038009,56,g
45038027,56,g
45051011,28,g
45053706,23,g
45054673,60,ml
45080855,5,g
45082815,63,g
45082827,44,g
45082853,50,g
45105195,28,g
45121312,56,g
45122966,21,g
45134423,46,g
45135750,240,ml
45135765,170,g
45135768,170,g
45136211,240,ml
45136543,15,ml
45136545,15,ml
45136566,240,ml
45136676,240,ml
45136805,236,ml
45138656,240,ml
45138657,240,ml
45138658,240,ml
45173070,19,g
45174692,19,g
45177198,28,g
45180439,28,g
45181850,56,g
45181851,49,g
45183798,56,g
45195687,100,g
45196873,113,g
45207613,21,g
45208335,21,g
45209021,15,ml
45211063,28,g
45212336,28,g
45213207,240,ml
45213663,240,ml
45213665,240,ml
45272378,28,g
45001532,37,g
45001533,35,g
45001534,36,g
45001543,5,g
45001544,5,g
45001547,15,g
45001585,5,g
45001704,63,g
45001767,44,g
45001768,43,g
45001769,43,g
45001788,50,g
45001790,45,g
45001851,45,g
45002554,36,g
45002934,247,g
45003005,245,g
45003034,130,g
45004306,249,g
45004328,245,g
45004341,245,g
45006735,56,g
45008715,60,g
45008795,255,g
45009157,24,g
45009358,245,g
45011147,125,g
45011282,240,ml
45015344,31,g
45016362,55,g
45018855,16,g
45019138,30,g
45019139,30,g
45021425,61,g
45021890,60,g
45037730,34,g
45040419,123,g
45040420,123,g
45040421,123,g
45043734,35,g
45045806,29,g
45051579,32,g
45054348,30,g
45054412,28,g
45057974,63,g
45058827,33,g
45059069,13,g
45059212,61,g
45059829,14,g
45061876,15,g
45062101,28,g
45064821,34,g
45077180,14,g
45077394,14,g
45077928,15,g
45078879,33,g
45078918,31,g
45080208,15,g
45083997,18,g
45084204,63,g
45089465,30,g
45093509,56,g
45096631,22,g
45102449,30,ml
45121812,170.1,g
45130337,126,g
45138289,30,ml
45138493,30,ml
45170832,60,ml
45192424,56,g
45206561,56,g
45239362,90,g
45241452,15,ml
45257643,28,g
45263331,28,g
45263384,28,g
45279327,32,g
45342662,56,g
45357116,56,g
45362366,121,g
45002602,56,g
45002836,34,g
45002963,28,g
45003085,28,g
45003122,28,g
45003244,15,g
45003496,33,g
45003497,31.3,g
45003499,31.3,g
45003544,36.7,g
45003705,36,g
45003706,49,g
45003905,38,g
45003991,113,g
45004009,27,g
45004010,28,g
45004110,30,g
45006095,41,g
45011024,57,g
45011025,113,g
45011322,32,g
45011338,56,g
45011339,31,g
45011340,28,g
45011474,100,g
45011545,85,g
45011576,41,g
45012009,85,g
45037667,133,g
45037677,113,g
45037686,61,g
45037696,113,g
45037702,113,g
45039641,92,g
45042478,48,g
45044182,85,g
45044515,113,g
45044977,57,g
45053831,64,g
45054126,63,g
45054130,57,g
45102343,47,g
45102572,54,g
45112211,57,g
45011311,30,g
45032888,30,g
45033192,25,g
45033420,0.5,g
45034222,30,g
45034419,0.7,g
45035547,30,g
45035558,30,g
45035562,28,g
45035878,0.6,g
45038946,30,g
45038952,28,g
45043084,0.25,g
45045025,25,g
45049077,0.5,g
45049129,2,g
45050255,0.5,g
45050454,42,g
45051407,39,g
45051408,39,g
45051409,39,g
45051410,39,g
45051494,99,g
45054163,25,g
45054166,28,g
45054314,0.5,g
45056580,0.5,g
45058913,0.7,g
45058993,0.7,g
45060446,0.6,g
45060536,22,g
45061066,42,g
45082197,1.5,g
45086747,1.5,g
45176333,38,g
45181100,0.6,g
45267462,15,ml
45268089,5,g
45289035,0.3,g
45331037,1,g
45332952,1.2,ml
45360892,1.5,g
45010437,15,g
45012199,1,g
45012200,2,g
45012201,2,g
45113623,28,g
45137101,355,ml
45137109,355,ml
45137134,240,ml
45137140,240,ml
45137160,355,ml
45137199,355,ml
45137217,355,ml
45137249,355,ml
45137258,355,ml
45137265,240,ml
45137291,240,ml
45137331,240,ml
45137398,240,ml
45137478,240,ml
45137508,355,ml
45137606,355,ml
45137642,240,ml
45142598,355,ml
45142824,355,ml
45143237,355,ml
45145396,240,ml
45145815,240,ml
45147004,355,ml
45148584,240,ml
45150447,503,ml
45150448,503,ml
45151120,360,ml
45151161,355,ml
45152844,355,ml
45152879,355,ml
45236203,240,ml
45250115,600,ml
45255203,221,ml
45267832,355,ml
45284357,355,ml
45289534,355,ml
45305991,221,ml
45308412,240,ml
45311929,355,ml
45312391,591,ml
45313222,355,ml
45373261,355,ml
45373753,240,ml
45374270,473,ml
45374983,355,ml
